INSERT into Facultad (Codigo, Nombre) values (1,"Sara");
INSERT into Facultad (Codigo, Nombre) values (2,"Lucia");
INSERT into Facultad (Codigo, Nombre) values (3,"Marina");
INSERT into Facultad (Codigo, Nombre) values(4,"Mariona");
INSERT into Facultad (Codigo, Nombre) values (5,"Pepe");
INSERT into Facultad (Codigo, Nombre) values(6,"Luis");
INSERT into Facultad (Codigo, Nombre) values (7,"Hugo");
INSERT into Facultad (Codigo, Nombre) values (8,"Javier");
INSERT into Facultad (Codigo, Nombre) values (9,"Alex");
INSERT into Facultad (Codigo, Nombre) values (10,"Cristina");

INSERT into Investigadores (DNI, NomApels, Facultad) values ("7773453A","Sara",1);
INSERT into Investigadores (DNI, NomApels, Facultad) values ("7773453B","Lucia",2);
INSERT into Investigadores (DNI, NomApels, Facultad) values ("7773453C","Marina",3);
INSERT into Investigadores (DNI, NomApels, Facultad) values ("7773453D","Mariona",4);
INSERT into Investigadores (DNI, NomApels, Facultad) values ("7773453E","Pepe",5);
INSERT into Investigadores (DNI, NomApels, Facultad) values ("7773453F","Luis",6);
INSERT into Investigadores (DNI, NomApels, Facultad) values ("7773453G","Hugo",7);
INSERT into Investigadores (DNI, NomApels, Facultad) values ("7773453H","Javier",8);
INSERT into Investigadores (DNI, NomApels, Facultad) values ("7773453I","Alex",9);
INSERT into Investigadores (DNI, NomApels, Facultad) values ("7773453J","Cristina",10);

INSERT into Reserva (DNI, NumSerie, Comienzo, Fin) values ("7773453A","A", "2008-11-11 13:23:44", "2010-11-11 13:23:44");
INSERT into Reserva (DNI, NumSerie, Comienzo, Fin) values ("7773453B","B","2008-11-11 13:23:44", "2010-11-11 13:23:44");
INSERT into Reserva (DNI, NumSerie, Comienzo, Fin) values ("7773453C","C","2008-11-11 13:23:44", "2010-11-11 13:23:44");
INSERT into Reserva (DNI, NumSerie, Comienzo, Fin) values ("7773453D","D","2008-11-11 13:23:44", "2010-11-11 13:23:44");
INSERT into Reserva (DNI, NumSerie, Comienzo, Fin) values ("7773453E","E","2008-11-11 13:23:44", "2010-11-11 13:23:44");
INSERT into Reserva (DNI, NumSerie, Comienzo, Fin) values ("7773453F","F","2008-11-11 13:23:44", "2010-11-11 13:23:44");
INSERT into Reserva (DNI, NumSerie, Comienzo, Fin) values ("7773453G","G","2008-11-11 13:23:44", "2010-11-11 13:23:44");
INSERT into Reserva (DNI, NumSerie, Comienzo, Fin) values ("7773453H","H","2008-11-11 13:23:44", "2010-11-11 13:23:44");
INSERT into Reserva (DNI, NumSerie, Comienzo, Fin) values ("7773453I","I","2008-11-11 13:23:44", "2010-11-11 13:23:44");
INSERT into Reserva (DNI, NumSerie, Comienzo, Fin) values ("7773453J","J","2008-11-11 13:23:44", "2010-11-11 13:23:44");

INSERT into Equipos (NumSerie, Nombre, Facultad) values ("A","Sara",1);
INSERT into Equipos (NumSerie, Nombre, Facultad) values ("B","Lucia",2);
INSERT into Equipos (NumSerie, Nombre, Facultad) values ("C","Marina",3);
INSERT into Equipos (NumSerie, Nombre, Facultad) values ("D","Mariona",4);
INSERT into Equipos (NumSerie, Nombre, Facultad) values ("E","Pepe",5);
INSERT into Equipos (NumSerie, Nombre, Facultad) values ("F","Luis",6);
INSERT into Equipos (NumSerie, Nombre, Facultad) values ("G","Hugo",7);
INSERT into Equipos (NumSerie, Nombre, Facultad) values ("H","Javier",8);
INSERT into Equipos (NumSerie, Nombre, Facultad) values ("I","Alex",9);
INSERT into Equipos (NumSerie, Nombre, Facultad) values ("J","Cristina",10);



