INSERT into Piezas (Codigo, Nombre) values (1,"Tornillo");
INSERT into Piezas (Codigo, Nombre) values (2,"Clavo");
INSERT into Piezas (Codigo, Nombre) values (3,"TEstrella");
INSERT into Piezas (Codigo, Nombre) values (4,"Tplano");
INSERT into Piezas (Codigo, Nombre) values (5,"TornilloA");
INSERT into Piezas (Codigo, Nombre) values (6,"TornilloB");
INSERT into Piezas (Codigo, Nombre) values (7,"TornilloC");
INSERT into Piezas (Codigo, Nombre) values (8,"TornilloD");
INSERT into Piezas (Codigo, Nombre) values (9,"TornilloE");
INSERT into Piezas (Codigo, Nombre) values (10,"TornilloF");

INSERT into Proveedores (Id, Nombre) values (1,"Alba");
INSERT into Proveedores (Id, Nombre) values (2,"Jose");
INSERT into Proveedores (Id, Nombre) values (3,"Aaron");
INSERT into Proveedores (Id, Nombre) values (4,"Lourdes");
INSERT into Proveedores (Id, Nombre) values (5,"Maria");
INSERT into Proveedores (Id, Nombre) values (6,"Marc");
INSERT into Proveedores (Id, Nombre) values (7,"David");
INSERT into Proveedores (Id, Nombre) values (8,"Estefania");
INSERT into Proveedores (Id, Nombre) values (9,"Marta");
INSERT into Proveedores (Id, Nombre) values (10,"Ruben");


INSERT into Suministra (CodigoPieza, IdProveedor,Precio) values (1,2,12);
INSERT into Suministra (CodigoPieza, IdProveedor,Precio) values (2,3,13);
INSERT into Suministra (CodigoPieza, IdProveedor,Precio) values (3,5,11);
INSERT into Suministra (CodigoPieza, IdProveedor,Precio) values (4,8,12);
INSERT into Suministra (CodigoPieza, IdProveedor,Precio) values (5,8,26);
INSERT into Suministra (CodigoPieza, IdProveedor,Precio) values (6,6,1);
INSERT into Suministra (CodigoPieza, IdProveedor,Precio) values (7,1,1);
INSERT into Suministra (CodigoPieza, IdProveedor,Precio) values (8,2,1);
INSERT into Suministra (CodigoPieza, IdProveedor,Precio) values (9,9,1);
INSERT into Suministra (CodigoPieza, IdProveedor,Precio) values (10,6,1);