INSERT into Cientificos (DNI, NomApels) values ("4157896S","Juan");
INSERT into Cientificos (DNI, NomApels) values ("4157846S","Lucas");
INSERT into Cientificos (DNI, NomApels) values ("4154896S","Maria");
INSERT into Cientificos (DNI, NomApels) values ("4157646S","Cristina");
INSERT into Cientificos (DNI, NomApels) values ("4117896S","Lourdes");
INSERT into Cientificos (DNI, NomApels) values ("4257846S","Sara");
INSERT into Cientificos (DNI, NomApels) values ("4157896E","Victor");
INSERT into Cientificos (DNI, NomApels) values ("4157845W","Edgar");
INSERT into Cientificos (DNI, NomApels) values ("4195896Q","Melanie");
INSERT into Cientificos (DNI, NomApels) values ("4195823T","Adrian");

INSERT into Proyecto (Id, Nombre, Horas) values ("A","Juan", 1);
INSERT into Proyecto (Id, Nombre, Horas) values ("B","Cristina", 2);
INSERT into Proyecto (Id, Nombre, Horas) values ("C","Sara", 3);
INSERT into Proyecto (Id, Nombre, Horas) values ("D","Pepe", 4);
INSERT into Proyecto (Id, Nombre, Horas) values ("E","Alex", 5);
INSERT into Proyecto (Id, Nombre, Horas) values ("F","Jose", 6);
INSERT into Proyecto (Id, Nombre, Horas) values ("G","Hugo", 7);
INSERT into Proyecto (Id, Nombre, Horas) values ("H","Manuel", 8);
INSERT into Proyecto (Id, Nombre, Horas) values ("I","Jesus", 9);
INSERT into Proyecto (Id, Nombre, Horas) values ("J","Estefania", 10);

INSERT into Asignado_A (Cientifico, Proyecto) values ("4157896S",'A');
INSERT into Asignado_A (Cientifico, Proyecto) values ("4157846S","B");
INSERT into Asignado_A (Cientifico, Proyecto) values ("4154896S","C");
INSERT into Asignado_A (Cientifico, Proyecto) values ("4157646S","D");
INSERT into Asignado_A (Cientifico, Proyecto) values ("4117896S","E");
INSERT into Asignado_A (Cientifico, Proyecto) values ("4257846S","F");
INSERT into Asignado_A (Cientifico, Proyecto) values ("4157896E","G");
INSERT into Asignado_A (Cientifico, Proyecto) values ("4157845W","H");
INSERT into Asignado_A (Cientifico, Proyecto) values ("4195896Q","I");
INSERT into Asignado_A (Cientifico, Proyecto) values ("4195823T","J");

