INSERT into Cajeros (Codigo, NomApels) values (1,"Sara");
INSERT into Cajeros (Codigo, NomApels) values (2,"Cristina");
INSERT into Cajeros (Codigo, NomApels) values (3,"Mariona");
INSERT into Cajeros (Codigo, NomApels) values (4,"Marina");
INSERT into Cajeros (Codigo, NomApels) values (5,"Sofia");
INSERT into Cajeros (Codigo, NomApels) values (6,"Marta");
INSERT into Cajeros (Codigo, NomApels) values (7,"Ingrid");
INSERT into Cajeros (Codigo, NomApels) values (8,"Estefania");
INSERT into Cajeros (Codigo, NomApels) values (9,"David");
INSERT into Cajeros (Codigo, NomApels) values (10,"Lourdes");

INSERT into Productos (Codigo, Nombre,Precio) values (1,"Sara",1);
INSERT into Productos (Codigo, Nombre,Precio) values (2,"Cristina",2);
INSERT into Productos (Codigo, Nombre,Precio) values (3,"Mariona",3);
INSERT into Productos (Codigo, Nombre,Precio) values (4,"Marina",4);
INSERT into Productos (Codigo, Nombre,Precio) values (5,"Sofia",5);
INSERT into Productos (Codigo, Nombre,Precio) values (6,"Marta",6);
INSERT into Productos (Codigo, Nombre,Precio) values (7,"Ingrid",7);
INSERT into Productos (Codigo, Nombre,Precio) values (8,"Estefania",8);
INSERT into Productos (Codigo, Nombre,Precio) values (9,"David",9);
INSERT into Productos (Codigo, Nombre,Precio) values (10,"Lourdes",10);

INSERT into Maquinas_Registradoras (Codigo, Piso) values (1,10);
INSERT into Maquinas_Registradoras (Codigo, Piso) values (2,9);
INSERT into Maquinas_Registradoras (Codigo, Piso) values (3,8);
INSERT into Maquinas_Registradoras (Codigo, Piso) values (4,7);
INSERT into Maquinas_Registradoras (Codigo, Piso) values (5,6);
INSERT into Maquinas_Registradoras (Codigo, Piso) values (6,5);
INSERT into Maquinas_Registradoras (Codigo, Piso) values (7,4);
INSERT into Maquinas_Registradoras (Codigo, Piso) values (8,3);
INSERT into Maquinas_Registradoras (Codigo, Piso) values (9,2);
INSERT into Maquinas_Registradoras (Codigo, Piso) values (10,1);

INSERT into Venta (Cajero, Maquina,Producto) values (1,1,10);
INSERT into Venta (Cajero, Maquina,Producto) values (2,2,9);
INSERT into Venta (Cajero, Maquina,Producto) values (3,3,8);
INSERT into Venta (Cajero, Maquina,Producto) values (4,4,7);
INSERT into Venta (Cajero, Maquina,Producto) values (5,5,6);
INSERT into Venta (Cajero, Maquina,Producto) values (6,6,5);
INSERT into Venta (Cajero, Maquina,Producto) values (7,7,4);
INSERT into Venta (Cajero, Maquina,Producto) values (8,8,3);
INSERT into Venta (Cajero, Maquina,Producto) values (9,9,2);
INSERT into Venta (Cajero, Maquina,Producto) values (10,10,1);



